{
  "Total" : {
    "transaction" : "Total",
    "sampleCount" : 600,
    "errorCount" : 400,
    "errorPct" : 66.666664,
    "meanResTime" : 818.6466666666659,
    "medianResTime" : 815.0,
    "minResTime" : 315.0,
    "maxResTime" : 1480.0,
    "pct1ResTime" : 1212.9,
    "pct2ResTime" : 1217.0,
    "pct3ResTime" : 1264.99,
    "throughput" : 9.923424242925424,
    "receivedKBytesPerSec" : 2.23858496105056,
    "sentKBytesPerSec" : 1.5505350379570977
  },
  "2 requests" : {
    "transaction" : "2 requests",
    "sampleCount" : 200,
    "errorCount" : 200,
    "errorPct" : 100.0,
    "meanResTime" : 825.1200000000003,
    "medianResTime" : 815.0,
    "minResTime" : 716.0,
    "maxResTime" : 1083.0,
    "pct1ResTime" : 856.9,
    "pct2ResTime" : 860.0,
    "pct3ResTime" : 881.9000000000001,
    "throughput" : 3.3288394001431403,
    "receivedKBytesPerSec" : 0.7509393568682279,
    "sentKBytesPerSec" : 0.5201311562723656
  },
  "1 requests" : {
    "transaction" : "1 requests",
    "sampleCount" : 200,
    "errorCount" : 200,
    "errorPct" : 100.0,
    "meanResTime" : 1208.0499999999995,
    "medianResTime" : 1207.0,
    "minResTime" : 1117.0,
    "maxResTime" : 1480.0,
    "pct1ResTime" : 1256.9,
    "pct2ResTime" : 1262.0,
    "pct3ResTime" : 1294.7900000000002,
    "throughput" : 3.307808080975142,
    "receivedKBytesPerSec" : 0.7461949870168533,
    "sentKBytesPerSec" : 0.5168450126523659
  },
  "3 requests" : {
    "transaction" : "3 requests",
    "sampleCount" : 200,
    "errorCount" : 0,
    "errorPct" : 0.0,
    "meanResTime" : 422.77,
    "medianResTime" : 407.0,
    "minResTime" : 315.0,
    "maxResTime" : 678.0,
    "pct1ResTime" : 463.0,
    "pct2ResTime" : 467.0,
    "pct3ResTime" : 472.97,
    "throughput" : 3.3510941322341745,
    "receivedKBytesPerSec" : 0.7559597114707952,
    "sentKBytesPerSec" : 0.5236084581615897
  }
}